type_name,avg_weight
bug,229.91666666666666
dragon,766.0
electric,317.8888888888889
fairy,239.0
fighting,542.5
fire,480.25
flying,612.4736842105264
ghost,135.66666666666666
grass,264.85714285714283
ground,799.3571428571429
ice,1137.0
normal,500.8636363636364
poison,238.54545454545453
psychic,589.3076923076923
rock,930.4545454545455
steel,330.0
water,536.75
